{
    "IsEncrypted": false,
    "Values": {
        "AzureWebJobsStorage": "UseDevelopmentStorage=true",
        "FUNCTIONS_WORKER_RUNTIME": "python",
        "SQL_CONNECTION_STRING": "DRIVER={ODBC Driver 18 for SQL Server};SERVER=traindata-sql-subllings.database.windows.net;DATABASE=traindata-db;UID=sqladmin;PWD=MiLolita421+;Encrypt=yes;TrustServerCertificate=no;Authentication=SqlPassword;Connection Timeout=30;",
        "SQL_SERVER": "traindata-sql-subllings.database.windows.net",
        "SQL_DATABASE": "traindata-db",
        "SQL_USERNAME": "sqladmin",
        "SQL_PASSWORD": "MiLolita421+",
        "IRAIL_API_BASE_URL": "https://api.irail.be",
        "IRAIL_API_FORMAT": "json",
        "IRAIL_API_LANG": "en",
        "DEFAULT_STATION": "Gent-Sint-Pieters",
        "USER_AGENT": "BeCodeTrainApp/1.0 (student.project@becode.education)",
        "APPLICATIONINSIGHTS_CONNECTION_STRING": "InstrumentationKey=YOUR_INSTRUMENTATION_KEY_HERE;IngestionEndpoint=https://francecentral-1.in.applicationinsights.azure.com/;LiveEndpoint=https://francecentral.livediagnostics.monitor.azure.com/",
        "PROJECT_NAME": "Azure Train Data Pipeline",
        "ENVIRONMENT": "development"
    },
    "Host": {
        "LocalHttpPort": 7071,
        "CORS": "*",
        "CORSCredentials": false
    }
}
